position_group,claim_classification,annual_guaranteed_at_risk_millions
OL,TTD,4.05
OL,PTD,1.375
OL,PTD,2.4
OL,PTD,3.000069
OL,PTD,0.065
OL,PTD,2.299657142857143
OL,PTD,0.375
OL,PTD,0.35000000000000003
OL,PTD,1.28
OL,PTD,6.4
OL,PTD,1.65
OL,TTD,5.5
OL,TTD,5.5
OL,PTD,3.0
OL,PTD,0.3375
OL,TTD,2.343
OL,TTD,2.25
OL,TTD,1.625
OL,PTD,0.065
OL,PTD,0.875
OL,PTD,3.0416666666666665
OL,PTD,0.55
OL,PTD,1.8
OL,TTD,1.75
OL,PTD,5.0
OL,TTD,2.125
OL,TTD,0.0
OL,TTD,0.6
OL,PTD,0.0
OL,TTD,1.6666666666666667
OL,TTD,1.0
OL,PTD,1.2925
OL,PTD,0.0
OL,PTD,3.5
OL,PTD,2.1666666666666665
OL,TTD,2.875
OL,PTD,6.333333333333333
OL,PTD,0.0
OL,TTD,0.0
OL,PTD,0.09
OL,TTD,0.22375
OL,PTD,1.25
OL,PTD,0.3
OL,PTD,0.0
OL,PTD,0.75
OL,TTD,6.0
OL,PTD,6.25
OL,PTD,6.25
OL,PTD,1.6760000000000002
OL,PTD,1.6760000000000002
OL,TTD,3.15
OL,TTD,5.0
OL,TTD,1.6
OL,PTD,6.416666666666667
OL,TTD,2.764751625
OL,TTD,2.2
OL,TTD,1.25
OL,TTD,3.3
OL,PTD,0.1875
OL,PTD,3.6333333333333333
OL,PTD,1.53
OL,PTD,1.53
OL,TTD,0.14081
OL,PTD,1.0333333333333334
OL,PTD,0.0
OL,PTD,0.108023
OL,TTD,2.4699999999999998
OL,PTD,0.0
OL,PTD,0.047
OL,PTD,0.0
OL,PTD,0.0
OL,TTD,0.0
OL,TTD,0.0
OL,TTD,4.6625
OL,TTD,0.4
OL,TTD,0.75
OL,TTD,0.0
OL,PTD,3.05
OL,PTD,0.0
OL,PTD,2.532
OL,PTD,0.7462585
OL,TTD,0.7462585
OL,PTD,0.09
OL,TTD,0.38094
OL,PTD,5.14
OL,PTD,0.1375
OL,PTD,0.075146
OL,PTD,0.325
OL,TTD,0.2
OL,PTD,0.25
OL,TTD,0.60210175
OL,TTD,3.95
OL,PTD,2.0
OL,PTD,0.25
OL,TTD,5.3
OL,PTD,5.3
OL,TTD,0.6317335
OL,PTD,0.0
OL,TTD,0.09
OL,TTD,0.5
OL,PTD,0.0
OL,PTD,1.0
OL,TTD,4.176
OL,TTD,0.136345
OL,TTD,7.5
OL,PTD,7.5
OL,PTD,0.105027
OL,TTD,0.103977
OL,PTD,0.2
OL,PTD,0.0
OL,PTD,0.25
OL,PTD,0.0
OL,PTD,0.0
OL,PTD,0.0
OL,PTD,0.175
OL,TTD,0.0016666666666666668
OL,PTD,0.1
OL,PTD,2.4166666666666665
OL,PTD,0.1
OL,TTD,0.116065
OL,PTD,0.0
OL,PTD,0.011474
OL,TTD,0.5
OL,TTD,0.9
OL,PTD,0.1113
OL,TTD,6.25
OL,TTD,0.723778
OL,PTD,1.8333333333333333
OL,TTD,1.5920256
OL,TTD,5.5
OL,TTD,3.63725
OL,PTD,0.0
OL,TTD,0.05
OL,PTD,0.0
OL,PTD,0.0
OL,PTD,0.3375
OL,TTD,0.5
OL,TTD,0.0
OL,PTD,0.25
OL,TTD,0.0375
OL,TTD,0.05
OL,PTD,0.0
OL,PTD,1.25
OL,PTD,0.0
OL,PTD,0.136035
OL,PTD,2.8
OL,PTD,0.01272
OL,PTD,0.01272
OL,PTD,0.9
OL,PTD,0.3
OL,PTD,0.334032
OL,PTD,0.334032
OL,TTD,0.15345
OL,TTD,0.075146
OL,TTD,0.75
OL,PTD,0.11925
OL,TTD,0.73221525
OL,PTD,0.70647675
OL,TTD,0.167813
OL,PTD,0.167813
OL,TTD,3.94925
OL,TTD,0.1334
OL,TTD,3.9
OL,PTD,3.9
OL,TTD,5.3210245
OL,TTD,5.333333333333333
OL,TTD,0.991925
OL,PTD,0.03
OL,PTD,0.3333333333333333
OL,PTD,0.0
OL,TTD,0.92510075
OL,TTD,0.92510075
OL,TTD,0.17425
OL,TTD,2.25
OL,TTD,2.245
OL,TTD,2.871251
OL,PTD,6.8
OL,TTD,0.0
OL,TTD,0.5331666666666667
OL,PTD,0.19048
OL,PTD,0.0
OL,PTD,0.131239
OL,TTD,0.017897
OL,TTD,0.014477
OL,PTD,0.013196
OL,PTD,0.013196
OL,PTD,0.336529
OL,PTD,0.0
OL,PTD,1.0
OL,PTD,2.25
OL,PTD,0.1375
OL,TTD,0.0
OL,TTD,0.3
OL,TTD,0.03
OL,TTD,0.002
OL,TTD,0.002
OL,PTD,1.75
OL,TTD,0.67900425
OL,PTD,0.0
OL,TTD,18.036
OL,TTD,0.013973
OL,PTD,0.086422
OL,TTD,0.3275
OL,TTD,2.0
OL,TTD,4.0
OL,TTD,0.4873555
OL,TTD,0.4873555
OL,TTD,1.6666666666666667
OL,TTD,0.17003
OL,PTD,0.1375
OL,TTD,0.115163
OL,TTD,1.4666666666666668
OL,TTD,4.6
OL,TTD,4.6
OL,TTD,4.6
OL,TTD,1.990456
OL,TTD,1.990456
OL,TTD,9.607843
OL,PTD,0.5
OL,PTD,0.7
OL,PTD,0.0
OL,TTD,2.49409125
OL,TTD,0.188704
OL,PTD,4.166666666666667
OL,TTD,0.124234
OL,PTD,0.0
OL,PTD,0.015
OL,PTD,0.003
OL,TTD,13.333333333333334
OL,TTD,7.25
OL,TTD,2.6127465
OL,TTD,5.725
OL,TTD,0.122974
OL,TTD,0.122974
OL,PTD,1.8666666666666665
OL,PTD,0.735
OL,TTD,0.060603
OL,PTD,0.8666666666666667
OL,TTD,2.55
OL,PTD,1.3333333333333333
OL,PTD,1.3333333333333333
OL,TTD,0.99
OL,TTD,3.0833333333333335
OL,PTD,0.875
OL,PTD,0.0
OL,PTD,0.0
OL,PTD,0.0
OL,PTD,0.74174
OL,PTD,0.74174
OL,PTD,0.150728
OL,PTD,0.150728
OL,TTD,0.056281
OL,TTD,4.0
OL,TTD,0.019211
OL,TTD,0.190966
OL,TTD,12.8232
OL,TTD,3.9744145
OL,TTD,10.0
OL,TTD,0.0
OL,PTD,0.132622
OL,PTD,1.89638525
OL,PTD,0.0
OL,PTD,0.005
OL,PTD,0.066791
OL,PTD,0.004666666666666667
OL,TTD,0.0
OL,TTD,0.036795
OL,PTD,0.017304
OL,PTD,0.0
OL,PTD,0.0
OL,PTD,0.05
OL,TTD,1.0475
OL,TTD,0.0
OL,PTD,0.0
OL,TTD,8.602964799999999
OL,PTD,0.6026095
OL,TTD,0.6026095
OL,TTD,0.6026095
OL,TTD,0.0
OL,PTD,0.0
OL,PTD,0.050487
OL,TTD,0.0
OL,TTD,0.0
OL,TTD,0.0025
OL,PTD,0.0
OL,TTD,1.4196605
OL,TTD,0.033196
OL,PTD,0.061251
OL,PTD,0.061251
OL,TTD,2.928123
OL,TTD,0.204723
OL,PTD,2.0
OL,TTD,0.242248
OL,TTD,2.83497425
OL,TTD,1.1496895
OL,TTD,8.0
OL,PTD,2.5
OL,PTD,0.184985
OL,TTD,0.0
OL,TTD,3.0563875
OL,TTD,1.20280625
OL,TTD,1.20280625
OL,PTD,0.205545
OL,TTD,0.162702
OL,PTD,0.0
OL,TTD,0.03196
OL,PTD,0.018644
OL,PTD,0.0
OL,PTD,0.0
OL,TTD,1.06277825
OL,PTD,0.047034
OL,PTD,0.0
OL,TTD,0.205545
OL,TTD,0.06613
OL,TTD,0.246312
OL,PTD,0.21675
OL,PTD,0.21675
OL,TTD,0.21675
OL,TTD,0.21675
OL,TTD,0.0
OL,PTD,0.0
OL,TTD,0.1236
OL,TTD,0.208073
OL,TTD,0.208073
OL,PTD,0.078662
OL,TTD,3.410088
OL,TTD,0.0
OL,PTD,0.0
OL,TTD,0.764689
OL,TTD,0.199842
OL,TTD,0.199842
OL,TTD,0.199842
OL,TTD,0.658812
OL,TTD,0.269879
OL,PTD,0.211768
OL,TTD,0.1236
OL,TTD,0.1236
OL,PTD,0.086785
OL,PTD,0.086785
OL,PTD,2.790219
OL,PTD,0.025936
OL,TTD,0.006666666666666667
OL,TTD,3.3365365
OL,TTD,0.9499395
OL,TTD,0.9499395
OL,TTD,0.74798175
OL,PTD,0.0125
OL,PTD,0.124836
OL,PTD,0.0
OL,TTD,0.083269
OL,TTD,0.083269
OL,TTD,0.21646
OL,PTD,0.228053
OL,TTD,1.21825175
OL,PTD,0.080873
OL,PTD,0.040689
OL,TTD,0.292368
OL,TTD,0.199007
QB,PTD,1.0
QB,PTD,7.5
QB,TTD,6.5
QB,TTD,3.5
QB,PTD,0.0
QB,TTD,2.0833333333333335
QB,TTD,2.0833333333333335
QB,TTD,4.745098
QB,PTD,6.666666666666667
QB,PTD,6.666666666666667
QB,PTD,6.0625
QB,PTD,4.0
QB,PTD,0.35
QB,PTD,13.75
QB,TTD,10.8
QB,TTD,10.8
QB,PTD,0.25
QB,PTD,0.75
QB,PTD,0.05853
QB,TTD,4.625
QB,TTD,4.625
QB,PTD,2.0
QB,TTD,5.428571428571429
QB,TTD,12.222
QB,PTD,2.4
QB,PTD,2.4
QB,PTD,1.125
QB,TTD,14.666666666666666
QB,PTD,0.55
QB,TTD,2.841666666666667
QB,TTD,2.841666666666667
QB,TTD,12.1
QB,TTD,15.75
QB,TTD,0.0
QB,PTD,0.0
QB,TTD,0.18775
QB,PTD,0.18775
QB,PTD,1.0
QB,PTD,1.0
QB,PTD,3.0
QB,TTD,10.0
QB,PTD,11.0
QB,TTD,8.2
QB,PTD,3.1465005
QB,TTD,3.0004115
QB,PTD,2.5396745
QB,TTD,7.0
QB,PTD,3.0
QB,TTD,4.1
QB,PTD,0.016288
QB,PTD,0.0
QB,PTD,7.5
QB,TTD,0.13588
QB,PTD,7.0
QB,PTD,7.0
QB,PTD,2.0
QB,PTD,4.223819600000001
QB,TTD,5.5269995
QB,PTD,1.877822
QB,PTD,0.45
QB,PTD,0.109805
QB,PTD,2.221325
QB,PTD,0.767196
QB,PTD,0.075146
QB,TTD,0.075146
QB,PTD,0.075146
QB,PTD,0.031279
QB,PTD,0.275936
QB,TTD,9.74
QB,PTD,6.5
QB,TTD,1.92697825
QB,PTD,1.92697825
QB,PTD,5.5
QB,TTD,7.6
QB,PTD,0.138424
QB,PTD,1.0175
QB,TTD,3.5
QB,PTD,0.0
QB,PTD,16.61767075
QB,PTD,0.166197
QB,PTD,2.08352075
QB,TTD,0.170151
QB,PTD,0.0
QB,PTD,0.0
QB,PTD,7.258109
QB,PTD,0.059877
QB,PTD,0.0
QB,PTD,0.0
QB,PTD,0.233066
QB,PTD,0.075
QB,PTD,0.0
QB,PTD,0.047904
QB,TTD,6.416014
QB,PTD,8.5263145
QB,TTD,8.78767
RB,TTD,0.02594675
RB,PTD,1.0
RB,PTD,0.9
RB,TTD,0.4375
RB,TTD,1.5
RB,TTD,1.0
RB,TTD,1.3333333333333333
RB,PTD,0.565
RB,TTD,2.25
RB,TTD,0.0
RB,TTD,4.333333333333333
RB,TTD,1.75
RB,TTD,6.0
RB,TTD,0.25
RB,TTD,2.3
RB,TTD,2.3
RB,PTD,1.475
RB,TTD,0.7375
RB,TTD,0.15
RB,TTD,4.15
RB,PTD,4.15
RB,PTD,0.4
RB,TTD,2.625
RB,PTD,1.25
RB,TTD,1.262
RB,PTD,0.0
RB,TTD,0.0
RB,TTD,0.04625
RB,TTD,0.0096125
RB,TTD,0.0729
RB,TTD,0.25
RB,TTD,0.025075
RB,PTD,0.75
RB,TTD,2.4076
RB,PTD,1.5
RB,PTD,0.0
RB,PTD,0.3
RB,TTD,1.50759375
RB,TTD,2.1666666666666665
RB,PTD,0.125
RB,TTD,0.165625
RB,TTD,0.0
RB,PTD,0.10630075
RB,PTD,0.102
RB,PTD,0.135
RB,PTD,0.285
RB,PTD,0.045
RB,PTD,0.045
RB,PTD,0.7
RB,PTD,0.05340275
RB,PTD,0.0
RB,TTD,0.051725
RB,TTD,0.051725
RB,TTD,0.08
RB,TTD,0.0
RB,PTD,0.013988
RB,PTD,0.012589
RB,TTD,0.0
RB,PTD,0.09
RB,PTD,0.3
RB,TTD,1.0
RB,PTD,1.1875
RB,PTD,1.34574475
RB,PTD,0.138986
RB,TTD,0.0
RB,PTD,0.25
RB,PTD,0.25
RB,PTD,0.0
RB,TTD,0.6333333333333333
RB,PTD,0.6333333333333333
RB,PTD,0.2
RB,PTD,0.03614
RB,PTD,0.011474
RB,TTD,1.367989
RB,TTD,3.0
RB,TTD,0.172708
RB,PTD,0.25
RB,PTD,0.15
RB,TTD,0.004166666666666667
RB,TTD,1.9
RB,TTD,1.75
RB,TTD,0.0
RB,PTD,0.1
RB,PTD,0.101367
RB,TTD,0.02275
RB,TTD,1.2833333333333334
RB,PTD,0.0
RB,TTD,0.025966
RB,TTD,0.02555
RB,TTD,1.1
RB,TTD,0.55
RB,PTD,0.0
RB,PTD,0.04722
RB,TTD,2.25
RB,TTD,0.024358
RB,TTD,0.253533
RB,PTD,1.75
RB,PTD,0.85
RB,PTD,0.02645
RB,PTD,0.04
RB,TTD,0.260552
RB,PTD,2.865
RB,TTD,0.02655
RB,PTD,0.407378
RB,PTD,0.0
RB,PTD,0.0
RB,PTD,0.4375
RB,TTD,0.0
RB,PTD,1.0
RB,PTD,0.5
RB,TTD,0.48873325
RB,TTD,0.0
RB,PTD,0.7
RB,TTD,0.110845
RB,PTD,2.4625
RB,PTD,0.075146
RB,PTD,0.075146
RB,TTD,0.029483
RB,PTD,0.01967
RB,PTD,0.015682
RB,PTD,0.05
RB,TTD,3.6594
RB,TTD,0.3
RB,PTD,0.4101275
RB,PTD,0.0
RB,TTD,0.171023
RB,PTD,0.126504
RB,PTD,0.0
RB,PTD,0.002
RB,TTD,0.118618
RB,PTD,0.055203
RB,TTD,0.275
RB,PTD,0.0
RB,TTD,0.7999999999999999
RB,TTD,0.0
RB,PTD,0.0765
RB,TTD,0.005
RB,PTD,0.149854
RB,PTD,0.0
RB,TTD,1.625
RB,PTD,0.4
RB,PTD,0.117195
RB,TTD,0.0
RB,TTD,0.151636
RB,PTD,0.1375
RB,PTD,0.25
RB,PTD,0.001
RB,PTD,0.173116
RB,TTD,0.173116
RB,TTD,0.173116
RB,PTD,0.0
RB,PTD,0.136892
RB,PTD,0.1375
RB,PTD,0.095848
RB,PTD,0.063137
RB,PTD,0.018941
RB,PTD,0.298088
RB,PTD,0.1375
RB,PTD,0.0525
RB,PTD,0.0
RB,TTD,0.5
RB,PTD,1.8225
RB,PTD,0.0
RB,TTD,0.0
RB,PTD,0.0
RB,PTD,0.018868
RB,TTD,0.1675
RB,TTD,0.0
RB,TTD,0.067299
RB,PTD,0.3
RB,TTD,0.041077
RB,PTD,0.8333333333333334
RB,PTD,0.0
RB,PTD,0.02
RB,PTD,0.0
RB,TTD,7.515625
RB,TTD,7.515625
RB,TTD,0.050487
RB,TTD,0.0
RB,PTD,0.0016666666666666668
RB,TTD,0.164947
RB,TTD,0.176572
RB,TTD,0.067315
RB,PTD,2.75
RB,PTD,0.050487
RB,TTD,6.7877205
RB,TTD,2.5
RB,TTD,2.7545
RB,TTD,0.104912
RB,PTD,0.0
RB,PTD,0.0
RB,PTD,1.0175
RB,TTD,2.6666666666666665
RB,PTD,0.0013333333333333333
RB,PTD,0.0
RB,PTD,0.0003333333333333333
RB,PTD,0.1525
RB,PTD,1.0475
RB,PTD,0.618306
RB,TTD,0.155218
RB,TTD,0.017268
RB,TTD,0.017268
RB,PTD,0.2
RB,PTD,0.0
RB,TTD,0.113089
RB,TTD,2.3493555
RB,PTD,2.3493555
RB,TTD,0.805805
RB,TTD,0.185414
RB,PTD,0.0
RB,TTD,0.0033333333333333335
RB,PTD,0.03196
RB,PTD,0.011666666666666667
RB,PTD,0.07765
RB,PTD,0.025888
RB,TTD,0.03584
RB,PTD,0.03584
RB,TTD,0.221534
RB,PTD,0.221534
RB,TTD,0.272664
RB,TTD,0.03
RB,PTD,0.0026666666666666666
RB,TTD,0.016666666666666666
RB,PTD,0.0033333333333333335
RB,PTD,0.03333333333333333
RB,TTD,0.80182325
RB,PTD,0.9475
RB,TTD,1.20744975
RB,PTD,0.186336
RB,PTD,0.072578
RB,PTD,0.219416
RB,PTD,0.219416
RB,TTD,2.4889625
RB,TTD,0.025679
RB,TTD,0.1236
RB,TTD,0.045893
RB,TTD,0.045893
RB,TTD,0.044718
RB,PTD,0.019581
RB,PTD,0.043222
RB,TTD,0.225988
RB,PTD,0.223826
